Task__c,Progress_Date__c,Hours_Worked__c,Progress_Percentage__c,Notes__c,Developer__c
Setup biometric SDK integration,2024-02-01,4,50,Completed iOS SDK integration and initial configuration. Android SDK setup in progress,John Smith
Setup biometric SDK integration,2024-02-02,4,100,Completed Android SDK integration. Both platforms tested and working with basic auth flow,John Smith
Implement fingerprint auth flow,2024-02-03,3,30,Started building fingerprint authentication flow. Basic happy path working on iOS,John Smith
Implement fingerprint auth flow,2024-02-04,4,60,Added Android fingerprint support and PIN fallback mechanism. Error handling in progress,John Smith
Build dashboard API endpoint,2024-02-02,5,80,Built core API endpoint with account aggregation. Need to add caching layer,Alex Rodriguez
Build dashboard API endpoint,2024-02-03,3,100,Added Redis caching and completed all edge case handling. API ready for testing,Alex Rodriguez
Implement dashboard frontend,2024-02-04,4,50,Built main dashboard layout with account cards. Working on real-time updates,Alex Rodriguez
Implement dashboard frontend,2024-02-05,3,80,Added pull-to-refresh and loading states. Responsive design complete,Alex Rodriguez
Implement dashboard frontend,2024-02-06,2,100,Final polish and accessibility improvements. Component ready for review,Alex Rodriguez
Deploy rate limiter to staging,2024-02-09,2,40,Configured rate limiting rules and deployed initial version to staging,Michael Chen
